model,target,R2,MAE,RMSE,MAPE_percent
RandomForest,co2_conversion,0.9593817131750421,0.008795489284137358,0.01813452553369478,10.700387892573225
RandomForest,meoh_yield,0.9624497703222704,0.007649285077275779,0.015697728412370143,10.824219271699075
RandomForest,meoh_selectivity,0.9106248259839902,0.005978361403291211,0.008728532719734502,0.6738596035217261
RandomForest,h2o_removal_fraction,0.925841361391736,0.024691213510105968,0.033327959186873084,3.7166635848138987
ExtraTrees,co2_conversion,0.9715046016945893,0.007039686291798247,0.015189125211804301,8.681239406506268
ExtraTrees,meoh_yield,0.9735936674509542,0.0060649703385574705,0.013163899449042064,8.701584551486356
ExtraTrees,meoh_selectivity,0.9473190794228011,0.004662321122842193,0.0067013063444073115,0.5218010669510644
ExtraTrees,h2o_removal_fraction,0.9559731191834503,0.01748583142839835,0.025679514314184037,2.6826604498659172
GradientBoosting,co2_conversion,0.9695870835339806,0.007366352032955489,0.015691860219216033,8.941887080112215
GradientBoosting,meoh_yield,0.9728906839210655,0.0067768123020749355,0.013337971736260152,9.132620553146237
GradientBoosting,meoh_selectivity,0.9583528183320467,0.004338715186035948,0.005958344404488406,0.4864528186174705
GradientBoosting,h2o_removal_fraction,0.9595910184903168,0.01942865351284396,0.024601795191941955,2.974603261738536
