T_in_K,P_in_bar,flow_mol_s,h2_co2_ratio,water_permeance,actual_co2_conversion,pred_co2_conversion,residual_co2_conversion,actual_meoh_yield,pred_meoh_yield,residual_meoh_yield,actual_meoh_selectivity,pred_meoh_selectivity,residual_meoh_selectivity,actual_h2o_removal_fraction,pred_h2o_removal_fraction,residual_h2o_removal_fraction
471.5757501607383,38.79103910628845,0.011491362052421,3.2343925516121597,5.9181707310704254e-08,0.0109532979260754,0.012697279197350803,-0.0017439812712754035,0.0098668498382809,0.011966313576756761,-0.0020994637384758614,0.90081087037646,0.9138314441464153,-0.013020573769955246,0.536017604350025,0.5961883077510337,-0.06017070340100872
506.604052427908,40.997500743761115,0.0285412729542311,2.64239115918399,2.311192673165589e-07,0.0831592490776417,0.09531370498955943,-0.01215445591191773,0.0782190623553154,0.0946505364388298,-0.016431474083514405,0.940593658827854,0.9378355973609016,0.002758061466952344,0.691384718745296,0.6929431045594644,-0.0015583858141684503
490.7668407516477,60.634843355507414,0.0289637736601055,3.205618818710216,1.010799924087289e-07,0.0248630126875217,0.027708932336419457,-0.0028459196488977573,0.0220664692288997,0.02464782410144528,-0.002581354872545582,0.887521938963345,0.8835147596957631,0.004007179267581873,0.556863873987896,0.564093648909659,-0.00722977492176291
494.30133203965073,31.743847794865463,0.0207781957760693,2.6552401951445144,1.0149989174028848e-07,0.0307386594205389,0.03595194067344985,-0.005213281252910953,0.0289919643882283,0.03203291986323879,-0.003040955475010494,0.9431759528477238,0.9444253741956888,-0.0012494213479650185,0.4820676685350883,0.5339565179770395,-0.05188884944195116
515.0737744940775,53.74656960602256,0.0136436000556418,3.5269625106878193,1.8822962220231272e-07,0.2935161483303438,0.28708456308168195,0.006431585248661831,0.2681804791221901,0.2692603869122627,-0.001079907790072554,0.9136821965255576,0.9044595686113291,0.009222627914228454,0.8715282693270423,0.869622924465294,0.0019053448617483149
517.1550820661896,58.01766383369672,0.023771185453164,2.7005768987490804,2.362153379197332e-07,0.3021823775885245,0.2839181642502194,0.018264213338305135,0.2711627582431768,0.2696079409617035,0.0015548172814733308,0.8973480201165609,0.902687580501206,-0.0053395603846451145,0.8728903350245015,0.8098597394378835,0.06303059558661805
519.1479079786294,50.228845593543554,0.0121222083982683,2.7132302212796793,2.3708917359947677e-07,0.4004571809683035,0.36997605128043637,0.030481129687867148,0.3585454904404864,0.33452539707479767,0.02402009336568872,0.8953403946297712,0.9056418934804772,-0.01030149885070597,0.9343388073189802,0.9082111526630586,0.026127654655921595
514.1027110213178,44.67225121632953,0.0294565671008637,3.05249759808917,1.6649882703491228e-07,0.1353648511844549,0.14985957998141675,-0.014494728796961842,0.1262973043344825,0.14686936002034925,-0.020572055685866758,0.9330140226902992,0.9213759329572503,0.011638089733048917,0.6662589470360395,0.652671559003342,0.013587388032697545
483.8207158108681,65.11414155131912,0.0197863994497694,2.9347808469991974,1.971278907084579e-07,0.0283308700619563,0.02826171980813919,6.915025381711015e-05,0.0249800892360055,0.02533085941099698,-0.0003507701749914799,0.8817268647724835,0.883674013077277,-0.0019471483047934779,0.8025454155105897,0.8075554374834016,-0.005010021972811973
490.58607701340173,32.997411220530125,0.0199397625441464,2.573756811284397,1.0800025692147993e-07,0.0252924550542618,0.031742457209298997,-0.006450002155037198,0.0237415211063567,0.028909030106536306,-0.005167509000179607,0.9386799761202684,0.9392662784252188,-0.0005863023049503813,0.516754806907165,0.5659140194979858,-0.04915921259082079
465.1365501744419,52.273879631574374,0.021723000692294,2.5507074699022687,1.527561031734585e-07,0.006399327934302,0.00755066210356005,-0.0011513341692580498,0.0057062005579581,0.006784700028099945,-0.0010784994701418457,0.8916874735191015,0.8978218821420498,-0.00613440862294834,0.6874174395622545,0.706729219492668,-0.019311779930413442
522.2682919667825,46.773978923787936,0.0257800965197452,3.9534186615464626,5.73697345715692e-08,0.2025236129873836,0.18837076533882585,0.01415284764855776,0.1846956110023715,0.16827456801253796,0.016421042989833545,0.9119707488819006,0.9069965739400851,0.004974174941815401,0.4647047469644141,0.45955053167854126,0.005154215285872843
522.7217701834215,59.4616557409196,0.0235075013574043,2.9841959344625604,8.173151423912405e-08,0.2137125904254198,0.21824003378753876,-0.004527443362118966,0.1859024289039588,0.18640307946019408,-0.0005006505562352714,0.8698712066233363,0.8802830933024668,-0.010411886679130511,0.7022735919629349,0.6411036001947624,0.061169991768172505
486.4483941179949,56.78011926484571,0.027680564989339,3.3270605486972995,1.6714367139147878e-07,0.0242535670158441,0.02502467353874517,-0.0007711065229010702,0.0219078455423471,0.022698879499029927,-0.0007910339566828267,0.9032834439583872,0.8993274703270818,0.003955973631305398,0.6756252432073797,0.6846210005799626,-0.008995757372582847
477.27633555471414,41.776956368886445,0.0270449575221776,3.78403356025926,1.775513258923575e-07,0.0145566115199823,0.015016336239423535,-0.0004597247194412339,0.0135747303564375,0.013494297676754788,8.043267968271123e-05,0.9325474089765268,0.9302876785263595,0.002259730450167252,0.6181686247653075,0.6179874280438349,0.00018119672147265398
485.7996147533619,39.16292544108617,0.0269337060118413,2.978842845551415,1.7503032864202813e-07,0.020925647596456,0.02341180539084117,-0.002486157794385168,0.0195894190875409,0.021443097154621713,-0.001853678067080814,0.9361439829876133,0.935325867545666,0.0008181154419472092,0.6033583184329133,0.6072136806198334,-0.003855362186920064
479.3009098589777,52.14660234279392,0.0196361561675518,3.790667446756386,6.036895582959825e-08,0.0146557333392692,0.014856209895866309,-0.00020047655659710846,0.0129987681105226,0.013238626078537737,-0.00023985796801513637,0.8869408176043984,0.8911737543280416,-0.004232936723643221,0.4772808872448285,0.48102325772006205,-0.0037423704752335696
511.7496441589405,39.55856246076691,0.0279613123999799,3.5312741086337733,1.910936780272873e-07,0.1273686167641403,0.14746739086902858,-0.02009877410488828,0.1203203979317001,0.13491374191548253,-0.014593343983782425,0.9446628297338636,0.9368560547030985,0.007806775030765101,0.6681866592802107,0.6480650159914967,0.02012164328871402
511.9040690125437,45.03256690615276,0.0192462158847702,3.0355334312902897,2.0933752638756976e-07,0.1670890269401825,0.18565713285412636,-0.018568105913943866,0.1553883367477739,0.17457832064721793,-0.01918998389944404,0.9299733177774908,0.9212503359732519,0.008722981804238916,0.7969022202420942,0.8136517708623019,-0.016749550620207665
506.4617483482828,52.61221493878954,0.0223751280209203,2.8234692028497053,1.4731473422187208e-07,0.0817896370220218,0.08802338781558951,-0.006233750793567708,0.0743412044587508,0.08090622574336594,-0.006565021284615141,0.9089318300646642,0.9089928853244448,-6.105525978061799e-05,0.7038643691854818,0.7112623062193371,-0.007397937033855273
522.3479456982188,54.311442481562906,0.0244568512051073,3.5181407067516983,8.997502610350917e-08,0.2257203210238079,0.21932685912114172,0.006393461902666181,0.2008610114688543,0.19287042304958057,0.00799058841927372,0.889866763248435,0.9007060977154304,-0.010839334466995365,0.6852223127816156,0.6257404609939513,0.0594818517876643
500.8739670939792,66.54044316339788,0.0141885099877504,2.6884803244840416,1.71285069882704e-07,0.093675103083976,0.0966815406005876,-0.0030064375166116014,0.0820080363098738,0.0842602230708835,-0.002252186761009703,0.8754517861203384,0.8770614086568355,-0.0016096225364971017,0.8450211328518492,0.8452957578067852,-0.00027462495493602024
493.6583994835597,49.34100720735701,0.0217095908010626,3.8577765362305168,1.7289618942163808e-07,0.0473879927723109,0.047764503326523954,-0.00037651055421305396,0.043575975246545,0.044542374516239554,-0.0009663992696945511,0.9195573118261832,0.9144729103211904,0.005084401504992786,0.7118990444195696,0.71183420533491,6.483908465959587e-05
469.0467702980331,32.00185120756655,0.0280477176694597,3.4331621629348557,1.7235600586966398e-07,0.0077030975021376,0.008381319354282464,-0.0006782218521448648,0.0073079384567963,0.0076768981892857335,-0.0003689597324894331,0.9487012795526596,0.9460860066188569,0.0026152729338027036,0.5281421767989084,0.5635727487765269,-0.03543057197761845
476.3383122875852,63.997670778283656,0.0144898540896713,3.41584760320386,8.630261878536076e-08,0.0165487336491763,0.016511240407016813,3.749324215948646e-05,0.0140420440931815,0.01473988258725633,-0.0006978384940748289,0.8485268051842966,0.8555875747691236,-0.007060769584827042,0.6983598936137522,0.6945090229029289,0.00385087071082324
463.2428747258267,68.58162734305594,0.0236965741508797,3.6040029699817793,6.562991261369093e-08,0.005166008303971,0.006164142027663403,-0.0009981337236924029,0.0043481476938405,0.005310111908836595,-0.0009619642149960948,0.8416842246455662,0.8616753442824538,-0.0199911196368876,0.5176208119535414,0.5044694674878455,0.01315134446569588
469.4844309253003,63.87949376610165,0.0116391991415956,3.453437549020744,5.106678486542536e-08,0.0104617462116443,0.011970845839114537,-0.001509099627470237,0.0085770232831838,0.009777383419648638,-0.001200360136464837,0.8198462388273883,0.8387720499405826,-0.018925811113194357,0.6231633852283212,0.6679358835891321,-0.044772498360810986
503.48141148978755,48.6667289013567,0.022054759542132,3.1372310240766974,1.8882433194700058e-07,0.0809756505449689,0.08367695195858109,-0.0027013014136121893,0.0746729229314922,0.08255479934515389,-0.007881876413661684,0.9221651500042376,0.91479273784174,0.007372412162497621,0.7356351635799288,0.7362541460992333,-0.0006189825193045895
488.80649494314184,65.86765846446102,0.0154563614052818,2.5378784778575216,1.1700238576743747e-07,0.0323356230787283,0.0352088297738617,-0.0028732066951333984,0.0276411657337623,0.030749943308646076,-0.003108777574883776,0.8548208787090502,0.8602824288114321,-0.005461550102381918,0.7589710238931925,0.7557447054517563,0.003226318441436171
514.8613354516207,32.848141980469414,0.0193377875211204,2.6440929843654435,1.4965727869509726e-07,0.1339344137250367,0.1587400245637325,-0.024805610838695813,0.126210620338682,0.14774452115985684,-0.021533900821174845,0.942331525023796,0.943422991145669,-0.0010914661218729416,0.7016967788667405,0.677853256062336,0.023843522804404493
484.02232522840586,67.81947679689779,0.0167093386577119,2.668299855567324,9.111673891591644e-08,0.0212109760932146,0.023330925909088276,-0.002119949815873677,0.0178513080996075,0.020150331510553697,-0.002299023410946198,0.8416071010196718,0.8515511581918179,-0.009944057172146081,0.6944234396577479,0.6826021973022955,0.011821242355452344
511.0830776952481,37.10178823901396,0.0175432977896615,3.816625883450953,1.2292143306063774e-07,0.1249914696937708,0.13164580217265462,-0.00665433247888382,0.1173909425788747,0.11983194408333067,-0.002441001504455975,0.9391916333689252,0.9356092039340088,0.0035824294349163788,0.6638776297150589,0.6401413641272129,0.023736265587846028
463.6413012817465,64.2067802162244,0.0203844161643669,2.6608118339949356,2.15575948835691e-07,0.0079327363944552,0.008431920286215536,-0.000499183891760336,0.0069437391821195,0.007340242069572331,-0.0003965028874528308,0.8753271049032498,0.8760154637603057,-0.0006883588570558707,0.806847336305835,0.8112579437304106,-0.004410607424575552
503.9664889516045,50.14528448134023,0.0153069900142552,3.9792534426870314,1.696634120116478e-07,0.1175307734621863,0.11064939990248883,0.006881373559697465,0.1078191395094087,0.10981807485570348,-0.001998935346294778,0.9173694372401808,0.9114193364497453,0.005950100790435564,0.7919705398069479,0.8043795925899213,-0.01240905278297344
517.376097485364,49.703145610888186,0.0264472528583506,3.1007417697199204,1.673189318104426e-07,0.2034966579457496,0.2041261080668026,-0.0006294501210530046,0.1869679067516604,0.18330774978079845,0.003660156970861944,0.9187763014835566,0.9138929685593975,0.004883332924159101,0.7652884380732127,0.7131636224363589,0.05212481563685378
480.9626693752366,41.19365326866189,0.024977797510441,2.9511896581684867,7.44229211818162e-08,0.012778159785742,0.013338156403740547,-0.0005599966179985465,0.0117594925734439,0.012015178041187987,-0.0002556854677440868,0.9202806014810664,0.9225683861137062,-0.002287784632639789,0.4064277704306899,0.42057889073977184,-0.014151120309081944
473.729352613484,56.28033428835126,0.0161095006054919,2.7824324714467643,1.949900829514105e-07,0.0166029688540454,0.017251171202508426,-0.0006482023484630263,0.014778809995263,0.015394889352645148,-0.0006160793573821485,0.8901305619002209,0.891920819225279,-0.0017902573250581089,0.8090462399380787,0.8151488356827792,-0.006102595744700512
482.99451067406346,37.939620717841855,0.0184699669662926,2.7165838846348147,2.4091612370268306e-07,0.0250810126421327,0.02703735655206649,-0.001956343909933791,0.0234837992683148,0.024527221838780935,-0.0010434225704661348,0.9363178274893584,0.9364802071577949,-0.00016237966843646312,0.7547799526737275,0.7654960833970622,-0.01071613072333466
467.73722912188606,54.19930059571131,0.0159047887755751,3.409084876916914,1.7336792422442234e-07,0.0120842636129956,0.010951134384055372,0.001133129228940228,0.0107848442122531,0.009722591508734448,0.0010622527035186527,0.8924701212786904,0.8936447025211693,-0.0011745812424789337,0.78408181926156,0.7905094202409643,-0.006427600979404313
504.783523247538,52.71936336044224,0.0182128340029626,2.618629927528708,6.438964384759224e-08,0.0552859841189279,0.07209388664160586,-0.016807902522677963,0.0490254324173764,0.06444075137043473,-0.015415318953058331,0.886760599429979,0.8903921534710176,-0.0036315540410386538,0.5488994566871167,0.5410699905311575,0.007829466155959253
464.97726864661416,30.950269258704864,0.0181162442724306,3.1925332258424968,1.5544872455378128e-07,0.0072472889683392,0.008050032261000298,-0.0008027432926610983,0.0068244537543445,0.007592069386486224,-0.0007676156321417237,0.9416560846625164,0.9405774610954004,0.001078623567115966,0.6085620253601803,0.647353008659687,-0.0387909832995067
480.4868187281267,32.60869929031186,0.0164472353772128,3.17338011245471,1.9432072072666234e-07,0.0220371911990739,0.024156173592008966,-0.002118982392935065,0.0207879651803564,0.021766294540965844,-0.000978329360609445,0.943312829324156,0.9434205551176656,-0.00010772579350959433,0.702580667969795,0.7250856490420446,-0.02250498107224963
486.7419259349825,60.43759647522299,0.020019089316399,2.7547399548904967,2.0328447748801162e-07,0.0320040963681192,0.03334324322320398,-0.0013391468550847802,0.0285420018265082,0.02913270823643318,-0.0005907064099249792,0.891823393424726,0.89102745064418,0.0007959427805460662,0.7942094820090259,0.8016487237992499,-0.007439241790224038
483.5849101405768,44.85758260280173,0.0290397707671665,3.0032369439737137,1.8123782214026533e-07,0.0182436142806725,0.019898717129501104,-0.0016551028488286032,0.0168970632431771,0.01867915474290057,-0.0017820914997234705,0.9261905554031632,0.9207143138984861,0.005476241504677071,0.6256127579639986,0.6208575229286706,0.004755235035328043
517.7720239874657,49.17959932206238,0.0109409236199711,3.1935249335124625,1.1655237613921944e-07,0.2590883455191485,0.2685693860424051,-0.0094810405232566,0.2343578236015537,0.23834868863827277,-0.003990865036719082,0.9045479183247652,0.904780749843455,-0.00023283151868980223,0.8368485849990683,0.7958261076343575,0.041022477364710874
500.7541014172138,61.313818722741765,0.012099824203128,3.622665469906524,2.250249317977671e-07,0.1474989079328728,0.11527410748043922,0.032224800452433575,0.1329618049053874,0.10004640366779559,0.032915401237591804,0.9014426396017684,0.9030449098296842,-0.001602270227915814,0.8884472147326962,0.8843897090768627,0.004057505655833515
489.58611384301366,38.7152015208646,0.0201740884997426,3.074163592075248,6.509617814191125e-08,0.0232782061533996,0.02919968916204016,-0.005921483008640559,0.0214913157411021,0.026357601044259032,-0.0048662853031569316,0.923237624045326,0.9226183824143649,0.0006192416309611648,0.4176573951262002,0.44150513748655157,-0.023847742360351365
490.4566237650792,38.362468031543024,0.0280951448370973,3.366311186149544,1.3247377838435474e-07,0.0262613934900324,0.029605738407676583,-0.003344344917644182,0.0246478338973096,0.026456502691979876,-0.0018086687946702769,0.9385577313962556,0.9354631515604577,0.0030945798357979726,0.5153267597619599,0.546236974955941,-0.030910215193981183
476.6267147948981,49.539218102091915,0.0161228740134194,3.872721535906074,1.6301375137730546e-07,0.0207761587712613,0.019761869416199125,0.0010142893550621757,0.0188504858208763,0.01780209346431063,0.0010483923565656715,0.9073133310355288,0.9085818661818028,-0.001268535146274008,0.7551340597876269,0.7569750849042374,-0.0018410251166104397
478.4073429026639,64.41545666579562,0.0198639770723432,2.774370236795062,1.2223687077795274e-07,0.0154387044230413,0.016164189527703376,-0.0007254851046620773,0.0133209341111208,0.014431610891475136,-0.0011106767803543364,0.862827200139976,0.8672098283061401,-0.004382628166164082,0.7072343688447477,0.7040789521407356,0.003155416704012093
468.6465717228996,45.39520400865868,0.0275813299923932,3.6681518554404313,1.8321556432830965e-07,0.0085789904170098,0.008561758590122532,1.7231826887268223e-05,0.0079194093208479,0.007826318134906727,9.309118594117392e-05,0.923116699739653,0.9208045637973947,0.00231213594225832,0.6396736933686317,0.6380258454619192,0.001647847906712463
521.0605967498091,30.171949932509452,0.0194028718856944,2.7886976567873294,1.979847544405474e-07,0.1824968511533079,0.2834431078150786,-0.10094625666177068,0.169564065577975,0.2544473481673009,-0.08488328258932593,0.9291341987897156,0.9493285288242445,-0.020194330034528862,0.7431357786512235,0.7578357239329744,-0.014699945281750892
500.52002672423134,62.314373329673565,0.0102176489099392,3.503763465788707,9.988209602351673e-08,0.0952934857894123,0.08853532083628293,0.006758164953129364,0.0823931822434804,0.07808937096832182,0.004303811275158581,0.8646255466565708,0.868237130439717,-0.0036115837831461883,0.8035631182628545,0.7865757182645259,0.016987399998328656
506.30195121298266,61.01436216073672,0.023355403719529,3.1256694582715325,5.3332127154310174e-08,0.0571102163215868,0.06512753487564897,-0.008017318554062174,0.0501241924263227,0.059596210597363315,-0.009472018171040618,0.8776747078679321,0.873559513676736,0.004115194191196103,0.4667831945051923,0.47569572726142817,-0.00891253275623588
522.1477538178641,47.59809027125534,0.0122346040092764,2.66512375909752,1.36122820766385e-07,0.2820540889849166,0.31130832181702384,-0.029254232832107263,0.2496546149401938,0.27441078595899754,-0.02475617101880373,0.885130280644659,0.9022100423615657,-0.017079761716906616,0.8524064382106238,0.8038193930520667,0.04858704515855705
497.13992650909984,53.31398215398523,0.0188926544582934,3.204348284044168,5.4454020321871917e-08,0.037134636259965,0.03689649121791338,0.00023814504205162124,0.0328644092515558,0.03300590612176163,-0.0001414968702058289,0.8850068981821975,0.8900387512939147,-0.005031853111717277,0.4802541304417659,0.5025901911147368,-0.022336060672970892
495.1041664098805,60.846861706012376,0.0145732080518239,3.710368741922163,1.514624190420245e-07,0.0684300457664631,0.06665281382902284,0.0017772319374402545,0.0607392720690841,0.06274800461576464,-0.0020087325466805403,0.8876111566018022,0.8866330096196092,0.0009781469821930067,0.8044489627123416,0.8122805864870685,-0.007831623774726904
495.55664744909967,62.64975751713677,0.0212788080629027,3.0580964481853017,1.2538838085538272e-07,0.0431387492303231,0.04329989534990389,-0.00016114611958079061,0.0379725396704856,0.04103145676600425,-0.00305891709551865,0.8802420178606758,0.879964149413803,0.00027786844687283097,0.7002243997688369,0.6971083921062716,0.0031160076625652566
489.08572693018687,35.59623993062144,0.022723536091628,2.8572472839683716,2.351363777869195e-07,0.0310707919442514,0.03462670851984167,-0.003555916575590269,0.0293499327589514,0.03312148380010371,-0.003771551041152312,0.9446148914263852,0.9432762437346992,0.0013386476916860124,0.6953531153588445,0.6943845230215289,0.0009685923373156102
522.6158973260319,59.26612891877264,0.0272774762915252,3.8417438409749822,1.5924255547320498e-07,0.3162512158248357,0.28623411716445296,0.030017098660382713,0.2796115114676525,0.25309215175757055,0.026519359710081958,0.884143672739339,0.9001048632278624,-0.015961190488523402,0.8092321766554477,0.7231726113721217,0.08605956528332592
510.7690479413435,57.35923107658884,0.0168776430513905,3.225512150434916,2.171169700401341e-07,0.2026383715067571,0.21339247755611776,-0.010754106049360668,0.1846410126565182,0.1915693961509322,-0.006928383494413992,0.9111848426513904,0.9036308762098355,0.007553966441554927,0.8498762289933564,0.850987210768999,-0.0011109817756426166
470.65782833277774,32.297545002695266,0.0236576430971846,3.6313249243635672,2.2768265193042095e-07,0.0108042902431998,0.011028210730152114,-0.00022392048695231426,0.0102582752627625,0.010172966713795528,8.530854896697179e-05,0.949463132871552,0.9479890006909812,0.0014741321805707974,0.6479784612191754,0.6700379787972887,-0.022059517578113308
507.53780398568335,34.83964052453029,0.0273885434643962,3.662869214510686,1.3318933947349838e-07,0.0804857807999344,0.0851588651874757,-0.004673084387541299,0.0764547458238013,0.07919329941328462,-0.002738553589483328,0.9499161847463043,0.9464693581929963,0.00344682655330808,0.527514805939553,0.5455888004514586,-0.01807399451190561
498.0762354239758,43.76322029919519,0.0243208732556658,3.277485347373377,1.8640991115006465e-07,0.0526892275871932,0.05574623355598361,-0.0030570059687904105,0.0490713806893172,0.05099273499288614,-0.001921354303568941,0.9313361181488388,0.9270122993295218,0.004323818819316982,0.6807995564823577,0.6772018250984451,0.003597731383912617
483.7318068555078,46.50201220204814,0.0135332865219081,3.4710515340530024,6.667678283937987e-08,0.0225993677768687,0.025040249127009428,-0.002440881350140728,0.0201440466442972,0.023103269382517038,-0.002959222738219837,0.891354432707416,0.8957652496499661,-0.004410816942550078,0.577338684926082,0.5972053773214924,-0.01986669239541039
514.726115662437,68.92291903390019,0.0238645754442614,3.9178187518583503,1.40160679510201e-07,0.1776210191980293,0.1763228437063512,0.0012981754916780996,0.1582181541154202,0.15821119178169613,6.962333724075398e-06,0.8907625619410658,0.887823559576571,0.002939002364494847,0.7595384330506968,0.7463536920622428,0.013184740988454013
477.8001333185367,68.42984484700465,0.0289571696897602,3.116509535580174,1.5304102270621025e-07,0.0136005855383139,0.013768078363566954,-0.00016749282525305338,0.0118780001514481,0.01238970732431005,-0.0005117071728619506,0.8733447628403107,0.8741498570710682,-0.0008050942307574749,0.6848925852096572,0.7053698956169361,-0.020477310407278848
491.5260857921866,69.21500874342121,0.0183402201127742,3.7520955541090633,1.958059758886291e-07,0.0564873251675535,0.05435253499945349,0.0021347901681000037,0.0498805917434123,0.04831338939574192,0.0015672023476703822,0.8830404271304376,0.8833062884756496,-0.000265861345212004,0.8255116299520721,0.8210969017741578,0.004414728177914218
492.95490208520886,58.1324859103276,0.0251595058979102,2.629855663256482,1.1764343461912861e-07,0.0289632839420602,0.03198191336120825,-0.0030186294191480514,0.0257281685898825,0.028844128146784376,-0.003115959556901877,0.8883028817226197,0.8858488127770586,0.0024540689455611053,0.6253086744855124,0.6325765079953223,-0.007267833509809862
496.45054314844265,42.8737481960124,0.0119131838163634,3.726126586235323,7.514011347406217e-08,0.0543667516509638,0.05403947990421146,0.0003272717467523445,0.0493029503694921,0.046778669679687856,0.0025242806898042452,0.906858491123724,0.9062866337025899,0.000571857421134081,0.6309454706184107,0.6290687221056329,0.0018767485127777483
495.20843360742305,58.29877801046245,0.0140252364803109,3.715732357225257,1.1278850452650753e-07,0.059242625539218,0.059070960278973496,0.00017166526024450096,0.0522933413793373,0.05094962317105241,0.00134371820828489,0.8826979038043992,0.8823400158714507,0.0003578879329484419,0.7510836149402527,0.7599013564507313,-0.00881774151047865
472.7240677850928,56.97410330920177,0.01661727782644,3.35373899415793,2.2400931642400186e-07,0.0183460441704011,0.017223728200234573,0.0011223159701665257,0.0164646765050271,0.01516387009557329,0.001300806409453811,0.8974510446012534,0.8966010815386689,0.0008499630625844468,0.8271762597479756,0.8312570433963812,-0.004080783648405584
493.8395217136292,40.79908831188156,0.0201218385299736,2.865663285027142,1.42193685405712e-07,0.0370793291673556,0.04177662832595063,-0.004697299158595028,0.0343614907130702,0.03671529659355922,-0.0023538058804890155,0.926702059737414,0.9284311511648506,-0.001729091427436602,0.6433440992941712,0.6428622492016889,0.000481850092482361
506.7205250814293,36.912388397154125,0.0106202110768917,2.7125085992528732,1.5047958268463725e-07,0.1223064020577372,0.12690374164002344,-0.004597339582286239,0.1136775795570076,0.11702335339390381,-0.0033457738368962153,0.9294491346687128,0.9326432132403971,-0.0031940785716843,0.7920078994459175,0.7614229943610359,0.030584905084881653
491.341962786592,49.027465830860955,0.0255578166628976,3.139503813941797,1.257920320300778e-07,0.0285804044380842,0.030435225530739653,-0.0018548210926554523,0.0260888288906148,0.0270279239230817,-0.0009390950324669016,0.9128222431957806,0.9106790559652936,0.002143187230487009,0.593521508905464,0.5987998032620861,-0.005278294356622193
