z_m,CO2,H2,CO,MeOH,H2O,N2,temperature_k,pressure_bar
0.0,0.0047619047619047615,0.015238095238095238,0.0,0.0,0.0,0.0,493.15,30.0
1.4691267534775058e-08,0.004761898933772431,0.01523808940987946,5.82809060637932e-09,4.1724299074581195e-14,5.8281323306783316e-09,0.0,493.1496349707694,29.99999999979719
2.9382535069550117e-08,0.004761893108017264,0.015238083584040942,1.165380409752281e-08,8.339914026780127e-14,1.1653887496662929e-08,0.0,493.14927009048915,29.99999999959438
1.762952104173007e-07,0.0047618350581750514,0.015238025533373835,6.97032338660869e-08,4.958452566614417e-13,6.970372971070468e-08,0.0,493.1456343025678,29.99999999756628
3.232078857650513e-07,0.00476177724241348,0.015237967716797002,1.2751858780593658e-07,9.034765196130522e-13,1.275194912810036e-07,0.0,493.1420131820118,29.999999995538197
7.643138130865761e-07,0.0047616049220711235,0.015237795394058262,2.9983773196951946e-07,2.1016681943767503e-12,2.9983983363717343e-07,0.0,493.131220439088,29.999999989448938
1.2054197404081009e-06,0.004761434600783155,0.01523762507045373,4.7015786165413564e-07,3.2599508839668513e-12,4.701611216048125e-07,0.0,493.12055295917133,29.999999983359814
1.6465256677296256e-06,0.004761266263956726,0.015237456731388275,6.384935685707397e-07,4.379464314302682e-12,6.384979480351122e-07,0.0,493.1100098303093,29.99999997727081
3.2624859849874605e-06,0.004760665286533779,0.015236855746341513,1.2394671796140872e-06,8.19137060022365e-12,1.2394753709806752e-06,0.0,493.07237046921114,29.999999954965286
4.283781142305305e-06,0.004760297770731062,0.0152364882261647,1.6069807951751447e-06,1.037845474719254e-11,1.6069911736988067e-06,0.0,493.0493533203972,29.999999940868946
5.30507629962315e-06,0.004759938941692402,0.015236129393045595,1.9658077934688515e-06,1.2418723537184344e-11,1.9658202123577612e-06,0.0,493.0268805821469,29.999999926773253
6.326371456940995e-06,0.004759588234269816,0.015235778681804582,2.3165133067075626e-06,1.4327982663307243e-11,2.316527634944972e-06,0.0,493.0049168607723,29.99999991267821
8.139243307686638e-06,0.00475898430373319,0.015235174745061671,2.9204407401299382e-06,1.743114513522516e-11,2.920458171570506e-06,0.0,492.9670955043381,29.999999887659996
9.952115158432282e-06,0.004758402053474324,0.015234592489220504,3.502688207935894e-06,2.022226575337862e-11,3.502708430436705e-06,0.0,492.93063311957764,29.999999862643683
1.1764987009177925e-05,0.004757839393833137,0.015234029824522141,4.065345320673638e-06,2.275080759024745e-11,4.065368071623559e-06,0.0,492.89539882663746,29.99999983762919
1.3577858859923568e-05,0.004757294580038623,0.01523348500611898,4.610156810986362e-06,2.5055090541074117e-11,4.6101818661372325e-06,0.0,492.86128334281585,29.99999981261646
1.676002007067018e-05,0.0047563769492711,0.01523256736816172,5.527783983579198e-06,2.8649979423959254e-11,5.527812633661099e-06,0.0,492.80382570643235,29.999999768715302
1.9942181281416795e-05,0.00475550314139386,0.015231693554037603,6.401588737207943e-06,3.177347489047356e-11,6.401620510902198e-06,0.0,492.74911606836764,29.99999972481915
2.3124342492163408e-05,0.004754667900650019,0.015230858307809066,7.236826738410093e-06,3.45159204875538e-11,7.236861254742256e-06,0.0,492.6968251916651,29.999999680927765
2.630650370291002e-05,0.004753866884601631,0.015230057286898656,8.03784035547302e-06,3.694703658283315e-11,8.0378773031298e-06,0.0,492.64668103869445,29.999999637040933
2.9488664913656635e-05,0.004753096471762549,0.015229286869711384,8.80825102025594e-06,3.912120004794982e-11,8.808290142213177e-06,0.0,492.5984567252159,29.99999959315849
3.366277970673344e-05,0.004752127288247087,0.015228317681132591,9.777432003872858e-06,4.1652925232110054e-11,9.777473657675153e-06,0.0,492.5377963854349,29.999999535603234
3.783689449981025e-05,0.004751199999083166,0.015227390387504766,1.070471893562802e-05,4.3884947382239444e-11,1.0704762821595835e-05,0.0,492.47976505568835,29.999999478054914
4.201100929288706e-05,0.004750310047770915,0.015226500432222853,1.1594668262753605e-05,4.5869876693091816e-11,1.1594714133847437e-05,0.0,492.42407721709,29.999999420513223
4.618512408596387e-05,0.004749453623424394,0.01522564400431857,1.2451090830117829e-05,4.76488504572461e-11,1.2451138480367369e-05,0.0,492.37049405619956,29.999999362977924
5.035923887904068e-05,0.004748627502343367,0.015224817880026211,1.3277210305316634e-05,4.9254570109787184e-11,1.3277259561394237e-05,0.0,492.31881354271167,29.99999930544877
5.609724070922525e-05,0.004747536336187907,0.015223726709927535,1.4368374488993318e-05,5.122623638335396e-11,1.4368425716854027e-05,0.0,492.2505630651822,29.99999922637521
6.183524253940983e-05,0.004746491358521401,0.015222681728771989,1.5413350410712243e-05,5.2970846224336936e-11,1.541340338335879e-05,0.0,492.1852138282431,29.999999147312383
6.757324436959441e-05,0.004745487699240403,0.015221678066378414,1.6417008135061857e-05,5.4527254910697785e-11,1.6417062664357805e-05,0.0,492.1224605425713,29.99999906825984
7.331124619977899e-05,0.004744521265722451,0.015220711630063275,1.7383440254097568e-05,5.592595623162783e-11,1.7383496182310394e-05,0.0,492.0620466326652,29.99999898921718
7.904924802996357e-05,0.004743588580738961,0.015219778942549242,1.831612397212453e-05,5.7191291088191206e-11,1.8316181165800103e-05,0.0,492.003754083464,29.999998910184047
8.696974089713715e-05,0.00474235113254879,0.015218541491232864,1.9553570598971258e-05,5.875446739441011e-11,1.9553629355971008e-05,0.0,491.9264326617562,29.999998801105146
9.489023376431073e-05,0.004741165817686374,0.01521735617359974,2.073888407568375e-05,6.01399377958315e-11,2.0738944218386655e-05,0.0,491.8523900547216,29.99999869204302
0.00010281072663148431,0.00474002723568765,0.015216217589125855,2.1877464836357303e-05,6.137767534269947e-11,2.18775262171108e-05,0.0,491.78128754658127,29.999998582996987
0.00011073121949865789,0.004738930833564537,0.015215121184775802,2.2973865845587555e-05,6.249128389723769e-11,2.2973928340224997e-05,0.0,491.7128395389793,29.999998473966407
0.00011865171236583147,0.004737872732353798,0.015214063081548487,2.403196604779714e-05,6.349965139654325e-11,2.4032029550964025e-05,0.0,491.646802683015,29.999998364950745
0.00012953985562973896,0.004736474644082418,0.015212664990793363,2.5430053077026107e-05,6.474161667488586e-11,2.5430117822343704e-05,0.0,491.55957886478797,29.999998215112473
0.00014042799889364644,0.004735135434950998,0.015211325779457965,2.6769261106021503e-05,6.58437511208875e-11,2.6769326953764014e-05,0.0,491.47606440617017,29.99999806530021
0.00015131614215755393,0.004733849093651676,0.015210039436187825,2.805560141935626e-05,6.682935267638399e-11,2.8055668253086132e-05,0.0,491.39588200568636,29.999997915512896
0.00016220428542146142,0.004732610538025831,0.015208800878787364,2.9294156157389656e-05,6.771682910384441e-11,2.9294223878930617e-05,0.0,491.3187126252068,29.999997765749548
0.0001730924286853689,0.0047314154279560205,0.01520760576710951,3.0489265422889812e-05,6.852094604754646e-11,3.0489333948741465e-05,0.0,491.24428376229304,29.999997616009306
0.0001879852910317462,0.004729844380775198,0.015206034717956333,3.206031161721655e-05,6.950722955117173e-11,3.2060381129564115e-05,0.0,491.14649524165395,29.99999741122973
0.0002028781533781235,0.004728339641167263,0.015204529976596447,3.356505034869038e-05,7.038336741047408e-11,3.356512073749957e-05,0.0,491.0528934618861,29.999997206490036
0.0002177710157245008,0.004726894524711591,0.015203084858572906,3.501016601979741e-05,7.116751130720578e-11,3.501023719317256e-05,0.0,490.96305845883313,29.999997001788557
0.00023266387807087808,0.00472550336583024,0.015201693698278847,3.640132419425512e-05,7.187404573904261e-11,3.640139607452182e-05,0.0,490.87663419613096,29.999996797123817
0.0002475567404172554,0.004724161315641399,0.015200351646809223,3.774337374240849e-05,7.251453569947691e-11,3.7743446263363815e-05,0.0,490.7933158891212,29.99999659249444
0.0002678328254963281,0.004722405648110974,0.015198595977714023,3.949904049015166e-05,7.329702156608273e-11,3.949911379378739e-05,0.0,490.6844050142428,29.99999631395371
0.0002881089105754008,0.004720724413513146,0.01519691474172509,4.118027439201548e-05,7.399271167260421e-11,4.118034839161709e-05,0.0,490.58020781829737,29.999996035473437
0.0003083849956544735,0.004719110188515939,0.015195300515482103,4.2794498765818276e-05,7.461577198565101e-11,4.279457338882305e-05,0.0,490.4802572888801,29.999995757051074
0.0003286610807335462,0.0047175566669087265,0.015193746992751788,4.4348019811077186e-05,7.517745819147661e-11,4.434809499603554e-05,0.0,490.3841565676652,29.99999547868434
0.0003489371658126189,0.004716058440968944,0.01519224876579337,4.584624524135381e-05,7.56868386582084e-11,4.584632093581761e-05,0.0,490.2915652318968,29.99999520037113
0.0003764250702769629,0.004714107353646085,0.015190297677230537,4.779733194414045e-05,7.630685372017691e-11,4.7797408258677106e-05,0.0,490.17112410966706,29.999994823149294
0.0004039129747413069,0.004712239525199484,0.015188429847680698,4.9665159839088416e-05,7.685848326675615e-11,4.966523670527714e-05,0.0,490.0559759092626,29.999994446018047
0.0004314008792056509,0.004710446723905602,0.015186637045398174,5.1457960638679754e-05,7.735279501407049e-11,5.145803799915893e-05,0.0,489.94560182602066,29.99999406897354
0.0004588887836699949,0.004708721942705955,0.015184912263306816,5.318274139261255e-05,7.779860354826045e-11,5.3182819198805796e-05,0.0,489.839560051651,29.999993692012275
0.0004863766881343389,0.0047070591625221515,0.015183249482314035,5.484552117213339e-05,7.820302369479486e-11,5.484559938261037e-05,0.0,489.73747091044254,29.999993315131054
0.000523496436431498,0.004704902988810166,0.015181093307620552,5.700169439389743e-05,7.869359622487149e-11,5.7001773094595155e-05,0.0,489.60530507819715,29.99999280631144
0.000560616184728657,0.004702839579181222,0.01517902989711746,5.9065103586805926e-05,7.913032403856173e-11,5.9065182723540804e-05,0.0,489.47906578033826,29.999992297626015
0.000597735933025816,0.0047008598219260705,0.015177050139078224,6.104486045143826e-05,7.95218585943869e-11,6.104493997869156e-05,0.0,489.3581773584369,29.99999178906894
0.000634855681322975,0.004698955947324639,0.015175146263769245,6.294873470067715e-05,7.98751046658875e-11,6.294881458012339e-05,0.0,489.2421486578229,29.999991280634916
0.000671975429620134,0.004697121271253481,0.015173311587056202,6.478341045210123e-05,8.019564460858747e-11,6.478349065128049e-05,0.0,489.13055690768954,29.999990772319116
0.0007219236225618287,0.004694751640788866,0.015170941955815033,6.715304053045216e-05,8.058325021164801e-11,6.715312111589582e-05,0.0,488.98676224213466,29.99999008851013
0.0007718718155035234,0.004692484908741616,0.01516867522307491,6.941977223481272e-05,8.09285052971171e-11,6.941985316314489e-05,0.0,488.8495834257179,29.99998940489747
0.0008218200084452181,0.004690311011513768,0.015166501325224405,7.159366915631573e-05,8.123817229430994e-11,7.159375039099392e-05,0.0,488.7183825992917,29.99998872147237
0.0008717682013869128,0.004688221354940244,0.015164411668088663,7.368332545359793e-05,8.151765915836444e-11,7.368340696451776e-05,0.0,488.5926146254561,29.999988038226856
0.0009217163943286075,0.004686208536480107,0.015162398849118833,7.569614366237029e-05,8.17713442337572e-11,7.569622542465479e-05,0.0,488.4718095951684,29.999987355153664
0.0009887095820681406,0.00468361835204267,0.015159808664066075,7.82863277974005e-05,8.207725349746656e-11,7.828640986209128e-05,0.0,488.3168647608342,29.999986439238363
0.0010557027698076737,0.0046811417479658965,0.015157332059441645,8.07629316038871e-05,8.234990174068566e-11,8.076301393886377e-05,0.0,488.1692813801219,29.999985523606576
0.0011226959575472068,0.004678767638435793,0.015154957949421483,8.313704089003464e-05,8.259457296661797e-11,8.313712346896778e-05,0.0,488.02835376476776,29.999984608245214
0.00118968914528674,0.004676486545526183,0.015152676856067334,8.541813358143022e-05,8.281549147751564e-11,8.541821637857753e-05,0.0,487.8934779660369,29.99998369314237
0.001256682333026273,0.004674290297057657,0.01515048060719295,8.761438185403085e-05,8.301608631862404e-11,8.761446484710321e-05,0.0,487.76413271261754,29.99998277828718
0.0013462073651834179,0.004671475619977167,0.015147665929625413,9.042905869812618e-05,8.325723231001279e-11,9.04291419275934e-05,0.0,487.59913851655904,29.999981556107848
0.0014357323973405627,0.004668785452798965,0.015144975762015636,9.311922566260689e-05,8.347233158963014e-11,9.311930910579569e-05,0.0,487.44229525223886,29.99998033433155
0.0015252574294977075,0.004666207647650079,0.015142397956480643,9.569703061810605e-05,8.36654972090358e-11,9.569711425468117e-05,0.0,487.2928251801054,29.999979112938917
0.0016147824616548523,0.004663731807586471,0.015139922116067907,9.817287050725063e-05,8.384002657628886e-11,9.817295431829e-05,0.0,487.15006176436634,29.999977891912305
0.0017043074938119971,0.004661348960955172,0.015137539269118887,0.00010055571698055787,8.399859779277527e-11,0.00010055580094958942,0.0,487.01342907021274,29.999976671235657
0.0018128865557987275,0.004658572618242166,0.015134762926056816,0.00010333205952054898,8.417262343322827e-11,0.00010333214366259391,0.0,486.85522741422284,29.99997519120519
0.0019214656177854578,0.004655909712649678,0.0151321000201496,0.00010599496495713534,8.432950074352788e-11,0.00010599504925508438,0.0,486.70454140946475,29.999973711643914
0.002030044679772188,0.004653350018657787,0.015129540325872357,0.00010855465880770134,8.447172600069506e-11,0.0001085547432469734,0.0,486.5607115780464,29.99997223253002
0.0021386237417589183,0.0046508846744296685,0.015127074981384206,0.00011102000290702413,8.460133609212959e-11,0.00011102008747509209,0.0,486.4231654599193,29.99997075384356
0.0022472028037456484,0.004648505947827868,0.015124696254544415,0.00011339872939079406,8.472000943443847e-11,0.00011339881407689212,0.0,486.2914027569721,29.999969275566208
0.0023896456791415196,0.004645505413911718,0.015121695720344254,0.00011639926316672875,8.486141723657958e-11,0.00011639934799304311,0.0,486.1265849975549,29.99996733683354
0.002532088554537391,0.00464262909677978,0.01511881940295526,0.00011927558017321047,8.498892184456982e-11,0.00011927566512498045,0.0,485.97010810639017,29.999965398741057
0.002674531429933262,0.0046398656692905205,0.015116055975232058,0.00012203900754951821,8.510455276817719e-11,0.00012203909261424033,0.0,485.82123490502323,29.999963461257032
0.0028169743053291334,0.004637205320412863,0.015113395626141075,0.0001246993563242603,8.520996657969606e-11,0.0001246994414918987,0.0,485.67932553562304,29.999961524352468
0.0029594171807250046,0.0046346394947533245,0.01511082980028665,0.00012726518188900323,8.530652759478385e-11,0.00012726526715143614,0.0,485.5438208502354,29.9999595880007
0.0031446333180523774,0.00463143229816676,0.015107622603468934,0.00013047237836425054,8.54206845760866e-11,0.00013047246373799925,0.0,485.3764018061307,29.999957070980763
0.00332984945537975,0.004628358048618953,0.015104548353710051,0.00013354662781385316,8.55237767383573e-11,0.00013354671328580747,0.0,485.2180493052518,29.999954554804763
0.003515065592707123,0.004625404551499835,0.015101594856397177,0.0001365001248458249,8.561741155624142e-11,0.00013650021040492537,0.0,485.06796035004925,29.999952039427882
0.0037002817300344957,0.004622561242889031,0.015098751547609321,0.0001393434333771999,8.57029043059702e-11,0.00013934351901573024,0.0,484.92543743291793,29.999949524809132
0.0038854978673618684,0.004619818910454391,0.015096009215013556,0.0001420857657376636,8.578133879856179e-11,0.00014208585145037054,0.0,484.78987063484857,29.99994701091088
0.004126041231526627,0.004616394956482048,0.015092585260853116,0.00014550971961973865,8.587412711913538e-11,0.00014550980542271267,0.0,484.6233168649514,29.999943747087066
0.004366584595691387,0.004613112473896274,0.01508930277809832,0.00014879220212260202,8.595810319057332e-11,0.0001487922880084872,0.0,484.46657761497113,29.99994048435084
0.004607127959856146,0.004609958380080827,0.015086148684128643,0.00015194629586298016,8.603453795802532e-11,0.00015194638182393293,0.0,484.31877836125665,29.999937222639183
0.004847671324020905,0.0046069213437284545,0.015083111647634683,0.00015498333214713627,8.610447236849464e-11,0.0001549834181763068,0.0,484.17915902211683,29.999933961894534
0.0050882146881856645,0.00460399148549705,0.015080181789273296,0.0001579131903156386,8.616876641611358e-11,0.0001579132764077102,0.0,484.04705461549486,29.99993070206406
0.005374188623046289,0.00460063580877346,0.015076826112407947,0.00016126886697075653,8.623884369722648e-11,0.00016126895313130026,0.0,483.89897284096725,29.999926827683417
0.005660162557906914,0.004597406771125346,0.015073597074629625,0.00016449790455681725,8.630293073838604e-11,0.00016449799077941407,0.0,483.7598309683551,29.999922954451414
0.005946136492767539,0.004594293411614298,0.015070483714998343,0.00016761126401140805,8.636182759121421e-11,0.0001676113502904602,0.0,483.62888259765725,29.999919082299595
0.006232110427628164,0.004591286141887384,0.015067476445160419,0.00017061853368621624,8.641619883439536e-11,0.00017061862001737662,0.0,483.5054721596446,29.999915211165057
0.0065180843624887885,0.004588376527171848,0.015064566830342433,0.00017352814835300105,8.646660007474479e-11,0.00017352823473291222,0.0,483.3890206327412,29.999911340989787
0.00688426478917306,0.004584781607407681,0.015060971910456392,0.00017712306806060986,8.652607756063623e-11,0.00017712315449707914,0.0,483.2492528442176,29.99990638667012
0.007250445215857332,0.004581320968125124,0.01505751127106264,0.00018058370729074656,8.658061509488023e-11,0.00018058379377963613,0.0,483.1191097492493,29.999901433732255
0.007616625642541604,0.004577982789173949,0.0150541730920104,0.00018392188619220933,8.663087343077353e-11,0.00018392197273081186,0.0,482.9977685949106,29.999896482081947
0.007982806069225877,0.004574756744304265,0.015050947047047947,0.00018714793101508713,8.667739835356191e-11,0.00018714801760049687,0.0,482.8845070479527,29.999891531632755
0.008348986495910149,0.004571633761297885,0.015047824063955306,0.00019027091397798702,8.672064581891678e-11,0.00019027100060687606,0.0,482.7786873709852,29.999886582305137
0.008908082751449628,0.004567046332875861,0.015043236635412217,0.00019485834233936439,8.678121606242948e-11,0.0001948584290288998,0.0,482.63020453183583,29.999879027508364
0.009467179006989106,0.0045626561493022355,0.015038846451728522,0.00019924852585828136,8.683614234070896e-11,0.00019924861260252585,0.0,482.49602060477713,29.99987147491949
0.010026275262528585,0.004558442629349453,0.01503463293167529,0.00020346204576105446,8.688629467280903e-11,0.00020346213255530875,0.0,482.374661600285,29.99986392432692
0.010585371518068064,0.0045543882229903705,0.015030578525224067,0.0002075164520740437,8.69323731115368e-11,0.00020751653891439167,0.0,482.26486184097683,29.999856375540144
0.011144467773607543,0.004550477842696549,0.015026668144845155,0.00021142683232523127,8.69749478540804e-11,0.00021142691920821263,0.0,482.1655258251162,29.999848828386916
0.01187289270103926,0.0045455778408432885,0.015021768142889993,0.00021632683412745775,8.702592576866364e-11,0.00021632692106147305,0.0,482.0502386432859,29.999838997686197
0.01260131762847098,0.004540875784607507,0.015017066086560917,0.00022102889031660157,8.70725705628323e-11,0.0002210289772972547,0.0,481.9492968898853,29.999829169183936
0.013329742555902697,0.004536351057946635,0.015012541359814092,0.00022555361693453577,8.711553405320387e-11,0.0002255537039581276,0.0,481.8611681543851,29.999819342604052
0.014058167483334416,0.004531986071755751,0.015008176373543581,0.00022991860308561925,8.715534356142739e-11,0.0002299186901490123,0.0,481.78453462843527,29.999809517699113
0.014786592410766134,0.004527765707287975,0.01500395600900164,0.00023413896751630066,8.719243040428537e-11,0.00023413905461678604,0.0,481.7182548911398,29.999799694246445
0.015753183981462405,0.0045223665339342274,0.014998556835556679,0.0002395381408244254,8.723804165616975e-11,0.00023953822797053473,0.0,481.6446006833001,29.999786660806784
0.016719775552158676,0.004517173236519643,0.014993363538057898,0.0002447314381969043,8.72801441613535e-11,0.0002447315253851197,0.0,481.5854497215107,29.999773629153953
0.017686367122854946,0.004512164108650356,0.014988354410110366,0.0002497405660270754,8.731926300861223e-11,0.0002497406532544063,0.0,481.53912066841286,29.999760598919508
0.018652958693551217,0.004507320695419262,0.014983510996806148,0.00025458397922161174,8.735582346674188e-11,0.00025458406648550035,0.0,481.504172152287,29.99974756977659
0.019619550264247488,0.0045026271897596415,0.014978817491077828,0.000259277484846881,8.739017382644909e-11,0.0002592775721451199,0.0,481.4793599966278,29.999734541434233
0.020899870492070344,0.0044966180570446155,0.01497280835827764,0.00026528661751932327,8.743275582190882e-11,0.0002652867048601461,0.0,481.4602728868435,29.999717285248074
0.0221801907198932,0.0044908214802926415,0.014967011781446184,0.0002710831942315582,8.747249553568727e-11,0.000271083281612122,0.0,481.45495097111984,29.999700029483364
0.023460510947716055,0.004485215181791967,0.014961405482870867,0.0002766894926949098,8.750981665914818e-11,0.00027668958011279444,0.0,481.4615976407236,29.999682773680785
0.02474083117553891,0.0044797803100865745,0.014955970611094981,0.00028212436436505806,8.754506303763347e-11,0.0002821244518181885,0.0,481.4786820692176,29.999665517439627
0.026021151403361767,0.0044745007989285095,0.014950691099870008,0.0002874038754896688,8.757851679462636e-11,0.0002874039629762529,0.0,481.5048917916988,29.999648260409554
0.027567421241545466,0.004468312240054571,0.014944502540919384,0.0002935924343252639,8.761685944408904e-11,0.00029359252185019084,0.0,481.54710967364247,29.999627417242387
0.029113691079729165,0.004462309792166004,0.014938500092958022,0.00029959488217743216,8.765325869258156e-11,0.0002995949697387585,0.0,481.59930332480167,29.999606572011817
0.030659960917912864,0.0044564761985128225,0.014932666499235388,0.00030542847579588756,8.768798451837894e-11,0.00030542856339193977,0.0,481.66004265109757,29.99958572431854
0.03220623075609656,0.004450796768787688,0.0149269870694437,0.00031110790548774796,8.772125985254817e-11,0.0003111079931170754,0.0,481.7281076363007,29.9995648738198
0.03375250059428026,0.004445258924636849,0.014921449225228842,0.0003166457496065757,8.775327046107135e-11,0.00031664583726791364,0.0,481.80245289150196,29.999544020221368
0.03578202993439836,0.004438187213753352,0.014914377514264639,0.00032371746044971666,8.779362482539208e-11,0.00032371754815140903,0.0,481.908071064614,29.999516644073584
0.03781155927451645,0.004431320248492694,0.014907510548926516,0.00033058442567164423,8.783235605728253e-11,0.00033058451341206783,0.0,482.0212593435415,29.999489261677674
0.03984108861463455,0.004424640857806356,0.014900831158165496,0.0003372638163206389,8.786969831996274e-11,0.0003372639040984048,0.0,482.1406022192872,29.999461872646243
0.041870617954752644,0.004418134571332694,0.014894324871619537,0.0003437701027581553,8.790584519770474e-11,0.0003437701905720681,0.0,482.26491658816974,29.999434476664312
0.04390014729487074,0.004411789121052759,0.014887979421269378,0.000350115553002978,8.79409582361298e-11,0.0003501156408520039,0.0,482.3932104746464,29.999407073477954
0.04655566172534908,0.0044037121321006106,0.014879902432228018,0.0003581925419105186,8.79855641772643e-11,0.0003581926298041504,0.0,482.5657106926694,29.99937120687942
0.049211176155827416,0.004395873193287476,0.01487206349332825,0.00036603148068033555,8.802888093182327e-11,0.00036603156861728407,0.0,482.74208229441535,29.9993353272622
0.051866690586305754,0.004388256234020106,0.014864446533976419,0.000373648439905475,8.807111190483815e-11,0.0003736485278846544,0.0,482.92110567406655,29.999299434387193
0.05452220501678409,0.004380847822157804,0.01485703812203149,0.00038105685172646264,8.811242612113149e-11,0.0003810569397469563,0.0,483.10179635427176,29.999263528095327
0.05717771944726243,0.004373636642594262,0.014849826942386868,0.00038826803124946584,8.815296547069802e-11,0.00038826811931049886,0.0,483.2833591836112,29.999227608292486
0.06067677518392013,0.004364419882370099,0.014840610182057835,0.0003974847914211944,8.820540014962255e-11,0.0003974848795346621,0.0,483.5228581036647,29.99918025763672
0.06417583092057783,0.004355510748497239,0.014831701048081928,0.0004063939252425298,8.825692429660074e-11,0.0004063940134075217,0.0,483.76163125763867,29.999132883474147
0.06767488665723552,0.004346894182925668,0.014823084482408754,0.0004150104907632997,8.830772539500695e-11,0.00041501057897909275,0.0,483.99882815207417,29.999085485921768
0.07117394239389321,0.004338557475448321,0.014814747774830935,0.00042334719819041105,8.835796136387064e-11,0.0004233472864564401,0.0,484.2338070267828,29.999038065167017
0.07467299813055091,0.00433048974008557,0.014806680039368574,0.0004314149335033578,8.840776680858859e-11,0.0004314150218191922,0.0,484.46608712629296,29.998990621450716
0.07935724587407417,0.0043200940262868755,0.014796284325437475,0.0004418106472358507,8.847396860968736e-11,0.00044181073561788686,0.0,484.77221024646394,29.998927072257324
0.08404149361759743,0.0043101439662710924,0.014786334265289946,0.0004517607071857606,8.853984102450864e-11,0.00045176079563366924,0.0,485.07228522445047,29.99886348317853
0.08872574136112069,0.004300622601956459,0.014776812900843827,0.0004612820714346522,8.860558303608014e-11,0.0004612821599483029,0.0,485.3659467020348,29.99879985503598
0.09340998910464395,0.004291514709900608,0.01476770500865641,0.00047038996342472036,8.86713667443047e-11,0.00047039005200415467,0.0,485.6529693455823,29.998736188686717
0.0980942368481672,0.0042828063253060955,0.014758996623929946,0.0004790983479532563,8.873734294522772e-11,0.0004790984365986668,0.0,485.9332255472814,29.998672485008868
0.10524529314552195,0.004270252991421876,0.014746443289842944,0.0004916516817360851,8.883873388659128e-11,0.0004916517704828865,0.0,486.3478935067591,29.99857516386177
0.11239634944287669,0.004258557048181047,0.014734747346396999,0.0005033476248743549,8.894129247129476e-11,0.0005033477137237152,0.0,486.74665911519844,29.998477760979753
0.11954740574023143,0.004247677312564189,0.014723867610571987,0.0005142273603871369,8.90453697514309e-11,0.0005142274493405744,0.0,487.1296511945811,29.9983802795391
0.12669846203758617,0.004237573723243619,0.014713764021039612,0.0005243309496018038,8.915127161856694e-11,0.0005243310386611432,0.0,487.49703917053495,29.998282722680337
0.1338495183349409,0.004228206945184795,0.014704397242764802,0.0005336977275526336,8.925926564526512e-11,0.000533697816719967,0.0,487.84900552898995,29.998185093505402
0.14603211261084262,0.004213837034154939,0.01469002733135611,0.0005480676383930712,8.944868405856815e-11,0.0005480677277498229,0.0,488.4136463800602,29.998018613824403
0.15821470688674433,0.004201305556203137,0.014677495853010121,0.000560599116147781,8.964577661600877e-11,0.0005605992057016252,0.0,488.93503184413186,29.997851948041358
0.17039730116264604,0.0041904293720770106,0.01466661966847302,0.0005714753000684202,8.985126446356982e-11,0.0005714753898277524,0.0,489.41414996465534,29.99768511075163
0.18257989543854775,0.0041810319281458865,0.014657222224113153,0.0005808727437851709,9.006563668526478e-11,0.0005808728337588752,0.0,489.85209218087124,29.997518116184562
0.1978778538147108,0.004171068027801402,0.014647258323204276,0.0005908366438474591,9.03478327762989e-11,0.0005908367341033596,0.0,490.34569587030256,29.99730821580966
0.21317581219087384,0.004162861796357944,0.014639052091167297,0.0005990428749941564,9.064459239501795e-11,0.0005990429655468166,0.0,490.77948461207126,29.99709811550709
0.22847377056703688,0.004156134362460557,0.014632324656647894,0.0006057703085805382,9.095559911933377e-11,0.000605770399444205,0.0,491.157215339422,29.996887840104893
0.24377172894319993,0.004150639674794433,0.014626829968332594,0.0006112649959220748,9.128018762521728e-11,0.00061126508711033,0.0,491.4832280258676,29.99667741269828
0.259069687319363,0.0041461645392035775,0.014622354832067253,0.0006157401311756842,9.161743143087781e-11,0.0006157402227011832,0.0,491.76226179985235,29.996466854434125
0.2883021185485813,0.0041398118319463115,0.014616002123458656,0.0006220928377572857,9.229309660467803e-11,0.0006220929299584499,0.0,492.1825212702308,29.996064208035282
0.3054875697604509,0.004137106330482418,0.014613296621167863,0.0006247983388077314,9.27065452490492e-11,0.0006247984314223441,0.0,492.37183568339424,29.995827351154755
0.3226730209723205,0.004134970134303579,0.014611160424142195,0.0006269345345631533,9.312996191439091e-11,0.0006269346276011825,0.0,492.5261891353607,29.995590410017897
0.3398584721841901,0.004133283372674472,0.01460947366164938,0.0006286212957604075,9.356181519266027e-11,0.0006286213892302901,0.0,492.6512421650697,29.995353399994094
0.35704392339605967,0.004131951644804261,0.014608141932901402,0.0006299530231917345,9.400069776518226e-11,0.0006299531171004999,0.0,492.75208482817465,29.995116333921413
0.37422937460792927,0.004130900461293013,0.014607090748500817,0.0006310042062583138,9.444536665150635e-11,0.0006310043006117481,0.0,492.83312216431614,29.994879222381503
0.3960890665212288,0.004129877353402101,0.014606067639465264,0.0006320273135769049,9.501768802758293e-11,0.0006320274085026602,0.0,492.9133387127487,29.994577566982702
0.4179487584345284,0.004129119999740246,0.014605310284646999,0.0006327846666605541,9.559589326766067e-11,0.0006327847621645149,0.0,492.97356166345895,29.99427586582197
0.43980845034782795,0.004128558708115623,0.014604748991856991,0.0006333459577024843,9.617858590332844e-11,0.0006333460537891378,0.0,493.0185963084184,29.993974129594402
0.4616681422611275,0.004128142522118148,0.014604332804687344,0.0006337621431138771,9.676466985234185e-11,0.0006337622397866146,0.0,493.0522138204211,29.993672366419368
0.4835278341744271,0.004127834094624466,0.014604024376016407,0.0006340705700189284,9.735329904610522e-11,0.0006340706672802947,0.0,493.0772981330242,29.99337058238707
0.5053875260877266,0.004127605586967552,0.01460379586717842,0.0006342990770853072,9.79438356840339e-11,0.0006342991749372104,0.0,493.0959915254026,29.99306878202861
0.5311681466085725,0.004127410916629742,0.014603601195444075,0.0006344937467248471,9.864210421038803e-11,0.0006344938452750186,0.0,493.11197533144144,29.992712831914687
0.5569487671294183,0.004127274031542682,0.01460346430895764,0.0006346306311122233,9.934178940964416e-11,0.0006346307303620802,0.0,493.1232187102322,29.99235686782827
0.5827293876502642,0.004127177707299135,0.01460336798331272,0.0006347269546550843,1.0004247520794068e-10,0.0006347270546056271,0.0,493.13113642575746,29.992000892676604
0.60851000817111,0.004127109978054157,0.014603300252664961,0.0006347946831986724,1.0074386644909755e-10,0.0006347947838506064,0.0,493.1367254115538,29.99164490849571
0.6342906286919558,0.004127062383974295,0.014603252657181315,0.0006348422765766418,1.0144575783704011e-10,0.0006348423779304671,0.0,493.14066599454804,29.991288916696558
0.6600712492128017,0.004127028909350218,0.014603219181152746,0.0006348757504984708,1.0214800555365429e-10,0.0006348758525545438,0.0,493.14343334313986,29.990932918272467
0.6951825671959049,0.004126998482392148,0.01460318875228108,0.0006349061764997448,1.0310480266214721e-10,0.0006349062795126151,0.0,493.1459438149656,29.990448065106502
0.7302938851790081,0.0041269795709807195,0.014603169838955462,0.0006349250869540764,1.0406189795969153e-10,0.000634925190924042,0.0,493.14750519332534,29.989963202153977
0.7654052031621112,0.004126967967161197,0.014603158233221362,0.0006349366898163086,1.0501918713139617e-10,0.0006349367947435634,0.0,493.1484679962539,29.98947833013052
0.8005165211452144,0.004126960890827837,0.014603151154973171,0.0006349437651922535,1.0597660252276309e-10,0.0006349438710769236,0.0,493.1490560108746,29.98899344949977
0.8356278391283176,0.004126956534445366,0.014603146796675705,0.0006349481206172284,1.0693409995415795e-10,0.000634948227459396,0.0,493.1494159725046,29.988508560564465
0.8932511748619527,0.004126952909586792,0.014603143168674079,0.0006349517439042754,1.08505625894353e-10,0.0006349518523179688,0.0,493.149714853927,29.98771276202616
0.9508745105955878,0.004126951186642388,0.014603141442586454,0.0006349534652770668,1.1007723725276449e-10,0.0006349535752623718,0.0,493.14985725716423,29.986916942047472
1.0,0.004126950316178823,0.014603140569443111,0.0006349543344007461,1.1141712466017419e-10,0.0006349544457259383,0.0,493.14992967620447,29.98623846669898
