flow_mol_s,co2_conversion,meoh_yield,meoh_selectivity,h2o_removal_fraction
0.008,0.06378011853613207,0.05621024873264223,0.8813130176419838,0.8033748585752954
0.009571428571428571,0.05539181466669196,0.048987746387406675,0.8843860177208522,0.7716100101869333
0.011142857142857142,0.04936221266863368,0.04379806434260455,0.887279195457041,0.7420930147544166
0.012714285714285714,0.04482104476161316,0.039890678561100144,0.8899988559674208,0.7145521362468713
0.014285714285714285,0.04128061424662562,0.036845322301559666,0.8925575109283042,0.6887341176225258
0.015857142857142854,0.03844607969915304,0.03440806215613064,0.8949693291326246,0.6644105032745177
0.01742857142857143,0.036127618700195,0.03241537290353677,0.8972463192920336,0.6414133586131524
0.019,0.03419740568875925,0.03075711202657201,0.8993989867682305,0.6196129310533965
0.02057142857142857,0.03256603978315921,0.029356210389871615,0.9014362994499625,0.5989126415977507
0.02214285714285714,0.031169168375260726,0.02815718077850963,0.9033664433876303,0.5792376160374726
0.023714285714285712,0.029959157987862656,0.027118923762665458,0.9051964602493946,0.5605300972194328
0.025285714285714283,0.028900278709862195,0.026210620586877783,0.9069331424106105,0.5427387224867157
0.026857142857142857,0.027964954839543747,0.025408461301324767,0.9085822397036915,0.5258197551371688
0.028428571428571428,0.027131896070356213,0.02469408294626099,0.9101495480531965,0.5097303212211218
0.03,0.026384438698251914,0.02405312716661979,0.9116406621988555,0.4944276880696626
