water_permeance,co2_conversion,meoh_yield,meoh_selectivity,h2o_removal_fraction
0.0,0.023511237068134933,0.020457346910847874,0.8701093375717742,0.0
2.142857142857143e-08,0.026470615789393748,0.02313202352028185,0.8738755344539431,0.28314125783393246
4.285714285714286e-08,0.02987766047469399,0.02626564692990156,0.8791065469181706,0.4569258945284983
6.428571428571429e-08,0.033555951290690854,0.029689806539888137,0.8847851244832537,0.5670664986551275
8.571428571428572e-08,0.03735818794978187,0.03325873024048777,0.8902661522340101,0.6408202035708139
1.0714285714285714e-07,0.041199825015131045,0.03688574715035693,0.8952889274847722,0.6931736239632641
1.2857142857142858e-07,0.045043214877306295,0.04053005440734816,0.8998037666216436,0.7322152513148897
1.5e-07,0.04887496391282085,0.044175291016035206,0.9038429387862347,0.7624859996470186
1.7142857142857143e-07,0.052693060135500874,0.04781700328423382,0.9074630162164073,0.7866630513412648
1.9285714285714287e-07,0.05650023106420848,0.051455982552968085,0.9107216304034637,0.8064215981255966
2.1428571428571428e-07,0.06030065133666383,0.05509487724759842,0.9136696872476427,0.8228781533921555
2.3571428571428572e-07,0.06409907343362921,0.05873722726082127,0.9163506446257783,0.836800851126512
2.5714285714285716e-07,0.06790049675946333,0.06238706505935726,0.9188013053919559,0.8487267433725778
2.785714285714286e-07,0.07170965582440421,0.06604831428715889,0.9210518936095852,0.8590610701296547
3e-07,0.07553119233095991,0.06972495279132448,0.9231279242330344,0.8681010858205521
