T_in_K,T_in_C,co2_conversion,meoh_yield,meoh_selectivity,h2o_removal_fraction,outlet_temp_K,max_temp_K
473.15,200.0,0.012313762165216536,0.010898191485579146,0.8850415770059253,0.667081003839908,473.55241927118357,474.06632447649946
477.43571428571425,204.28571428571428,0.015900697391042207,0.014102754881418681,0.8869268142518056,0.6684501046722281,477.9568425131282,478.6309929474776
481.72142857142853,208.57142857142856,0.020479538076612173,0.01820181959466982,0.8887807687155059,0.6701687596776679,482.3936394326772,483.27887695318043
486.0071428571428,212.85714285714283,0.026325343799916627,0.023445770680696913,0.8906159349292733,0.6723503669408415,486.87099417900777,488.0369989255023
490.29285714285714,217.14285714285717,0.03379897601510956,0.03016376419026853,0.8924460959049245,0.6751603696240773,491.3999293984078,492.943339981409
494.5785714285714,221.42857142857144,0.04338382197908914,0.038797616687815645,0.8942876611128294,0.6788490576905698,495.9925158245541,498.0532884256024
498.8642857142857,225.71428571428572,0.05574345301283237,0.04995506053582066,0.8961601378429396,0.6838164558024366,500.66393599603714,503.4527948840271
503.15,230.0,0.07182380287359139,0.06450394597873282,0.8980859185674029,0.6907385728011035,505.43168444837346,509.2847241591185
507.43571428571425,234.28571428571428,0.09306011887183782,0.083762852532259,0.9000939773955857,0.7009479790766533,510.30842647749,515.8254894108787
511.72142857142853,238.57142857142856,0.12194970936468857,0.11002703148575191,0.9022328307213743,0.7175515162666425,515.2805678715339,523.7011496557708
516.0071428571429,242.8571428571429,0.16490509441963144,0.14914859251872165,0.9044510907539687,0.7502569508154351,520.1845753175786,535.0546744151546
520.2928571428571,247.1428571428571,0.22416012376172673,0.20060771290690077,0.8949304164381112,0.7918223656712243,524.9602435674187,556.1037024545099
524.5785714285714,251.42857142857144,0.2529361394319251,0.22071642599721483,0.8726172008987185,0.7788763745665112,530.5345328143977,567.4980229275217
528.8642857142856,255.71428571428567,0.2780042385823479,0.23643371085885878,0.8504680074826444,0.7719106836097791,535.3156645728847,573.2336850155007
533.15,260.0,0.29596357304961834,0.24382725158403765,0.8238421001329098,0.7721456226070278,539.2573454019932,576.2919248919643
