P_in_bar,co2_conversion,meoh_yield,meoh_selectivity,h2o_removal_fraction
20.0,0.03481261380664014,0.03362257489371941,0.9658158700886305,0.44284466616102497
24.285714285714285,0.035267813257746104,0.033716429344982465,0.9560113381165306,0.4948176273144335
28.57142857142857,0.035875115783100354,0.033933911304363615,0.9458899452625106,0.538238793871226
32.85714285714286,0.0365853510216072,0.034228212062095226,0.935571508986766,0.5749109832847208
37.14285714285714,0.03736457325301527,0.034567435045631915,0.9251392973648439,0.6062255501394908
41.42857142857143,0.03818952228264181,0.03493012952713517,0.914652172619923,0.6332491674282654
45.714285714285715,0.03904431455274779,0.03530201320766016,0.9041524639898064,0.6567986000034238
50.0,0.039917923816139664,0.0356735011611833,0.8936712571899903,0.6775037186871345
54.285714285714285,0.040802695235022605,0.03603823632045949,0.8832317598844883,0.6958532091919186
58.57142857142857,0.04169324001196431,0.036392007761290084,0.8728515162373324,0.7122308764362758
62.857142857142854,0.042585719386346525,0.036732050977002544,0.8625438646171875,0.726942655560247
67.14285714285714,0.043477371609377,0.037056591466347905,0.8523190361938922,0.7402345225037927
71.42857142857143,0.044366246747259794,0.03736459336569258,0.8421851318311173,0.7523034887408576
75.71428571428572,0.04525089268425466,0.03765542777813004,0.8321477333248736,0.7633096203011042
80.0,0.04613036153319576,0.037928976760124716,0.8222128658764323,0.773393341959425
